{
  "summary": {
    "GHI": {
      "benin": {
        "mean": 235.92875440807993,
        "median": 0.6,
        "std": 328.12563670736085
      },
      "sierraleone": {
        "mean": 180.42427711093904,
        "median": -0.5,
        "std": 273.84022384770304
      },
      "togo": {
        "mean": 223.37950621115002,
        "median": 0.4,
        "std": 316.96192944119986
      }
    },
    "DNI": {
      "benin": {
        "mean": 166.66117274259906,
        "median": -0.1,
        "std": 261.9077866068056
      },
      "sierraleone": {
        "mean": 100.69905872427731,
        "median": -0.1,
        "std": 196.34018979679942
      },
      "togo": {
        "mean": 147.5792461283347,
        "median": 0.0,
        "std": 247.27904863596873
      }
    },
    "DHI": {
      "benin": {
        "mean": 111.54058217589012,
        "median": 0.4,
        "std": 153.03354480170742
      },
      "sierraleone": {
        "mean": 106.5989842619016,
        "median": -0.7,
        "std": 152.67029904500947
      },
      "togo": {
        "mean": 112.62554436050853,
        "median": 1.4,
        "std": 151.48782864943252
      }
    }
  },
  "ranking": {
    "GHI": [
      [
        "benin",
        235.92875440807993
      ],
      [
        "togo",
        223.37950621115002
      ],
      [
        "sierraleone",
        180.42427711093904
      ]
    ],
    "DNI": [
      [
        "benin",
        166.66117274259906
      ],
      [
        "togo",
        147.5792461283347
      ],
      [
        "sierraleone",
        100.69905872427731
      ]
    ],
    "DHI": [
      [
        "togo",
        112.62554436050853
      ],
      [
        "benin",
        111.54058217589012
      ],
      [
        "sierraleone",
        106.5989842619016
      ]
    ]
  },
  "tests": {
    "GHI": {
      "anova_f": 4564.770540242875,
      "anova_p": 0.0,
      "kruskal_h": 7473.822150959407,
      "kruskal_p": 0.0
    }
  }
}